[
    {
        "ocid": "ocds-213czf-000-00001",
        "id": "ocds-213czf-000-00001-05-contract",
        "date": "2016-05-10T10:30:00Z",
        "tag": [
            "contract"
        ],
        "initiationType": "tender",
        "parties": {
            "name": "Legazpi City Medical Health Center",
            "id": "01",
            "identifier": {
                "scheme": "Legazpi City Medical Health Center",
                "id": "01",
                "legalName": "Legazpi City Medical Health Center",
                "uri": "legazpi.gov.ph\/health"
            },
            "additionalIdentifiers": {
                "scheme": "none",
                "id": "none",
                "legalName": "none",
                "uri": "none"
            },
            "address": {
                "streetAddress": "Legazpi City",
                "locality": "Albay",
                "region": "Bicol",
                "postalCode": "4500",
                "countryName": "Philippines"
            },
            "contactPoint": {
                "name": "Juan Dela Cruz",
                "email": "juan_dcruz@yahoo.com",
                "telephone": "112-33-1234",
                "faxNumber": "0",
                "url": "none"
            },
            "roles": [
                null
            ]
        },
        "buyer": {
            "name": "Legazpi City Medical Health Center",
            "id": "01"
        },
        "planning": {
            "rationale": "We care for your health",
            "budget": {
                "id": "01",
                "description": "none",
                "amount": {
                    "amount": "1359065.75",
                    "currency": "php"
                },
                "project": "Medicine for Legazpi",
                "projectID": "01",
                "uri": "none"
            },
            "documents": [
                {
                    "id": "role101",
                    "documentType": "role101",
                    "title": "role101",
                    "description": "role101",
                    "url": "role101",
                    "datePublished": "role101",
                    "dateModified": "role101",
                    "format": "role101",
                    "language": "role101"
                }
            ],
            "milestones": [
                {
                    "id": "role101",
                    "title": "role101",
                    "type": "role101",
                    "description": "role101",
                    "code": "role101",
                    "dueDate": "role101",
                    "dateMet": "role101",
                    "dateModified": "role101",
                    "status": "role101"
                }
            ]
        },
        "tender": {
            "id": "01",
            "title": "Medicine for Legazpi",
            "description": "High Quality Medicine",
            "status": "role101",
            "procuringEntity": {
                "name": "Legazpi City Medical Health Center",
                "id": "01"
            },
            "items": [
                {
                    "id": "role101",
                    "description": "role101",
                    "classification": {
                        "scheme": "role101",
                        "id": "role101",
                        "description": "role101",
                        "uri": "role101"
                    },
                    "additionalClassifications": {
                        "scheme": "role101",
                        "id": "role101",
                        "description": "role101",
                        "uri": "role101"
                    },
                    "quantity": "role101",
                    "unit": {
                        "scheme": "role101",
                        "id": "role101",
                        "name": "role101",
                        "value": {
                            "amount": "role101",
                            "currency": "role101"
                        },
                        "uri": "role101"
                    }
                }
            ],
            "value": {
                "amount": "role101",
                "currency": "role101"
            },
            "minValue": {
                "amount": "role101",
                "currency": "role101"
            },
            "procurementMethod": "role101",
            "procurementMethodRationale": "role101",
            "mainProcurementCategory": "role101",
            "additionalProcurementCategories": "role101",
            "awardCriteria": "role101",
            "awardCriteriaDetails": "role101",
            "submissionMethod": "role101",
            "submissionMethodDetails": "role101",
            "tenderPeriod": {
                "startDate": "role101",
                "endDate": "role101",
                "maxExtentDate": "role101",
                "durationInDays": "role101"
            },
            "enquiryPeriod": {
                "startDate": "role101",
                "endDate": "role101",
                "maxExtentDate": "role101",
                "durationInDays": "role101"
            },
            "hasEnquiries": "role101",
            "eligibilityCriteria": "role101",
            "awardPeriod": {
                "startDate": "role101",
                "endDate": "role101",
                "maxExtentDate": "role101",
                "durationInDays": "role101"
            },
            "contractPeriod": {
                "startDate": "role101",
                "endDate": "role101",
                "maxExtentDate": "role101",
                "durationInDays": "role101"
            },
            "numberOfTenderers": "role101",
            "tenderers": [
                {
                    "name": "Botika ng Bayan",
                    "id": "BB01"
                },
                {
                    "name": "Tamang Med",
                    "id": "TM01"
                },
                {
                    "name": "Pagamutan sa Mactan",
                    "id": "PM01"
                },
                {
                    "name": "Tubignas University Hospital",
                    "id": "TH01"
                },
                {
                    "name": "BRPPH Hospital",
                    "id": "DH01"
                }
            ],
            "documents": [
                {
                    "id": "role101",
                    "documentType": "role101",
                    "title": "role101",
                    "description": "role101",
                    "dateModified": "role101",
                    "format": "role101",
                    "language": "role101"
                }
            ],
            "milestones": [
                {
                    "id": "role101",
                    "title": "role101",
                    "type": "role101",
                    "description": "role101",
                    "code": "role101",
                    "dueDate": "role101",
                    "dateMet": "role101",
                    "dateModified": "role101",
                    "status": "role101"
                }
            ],
            "amendments": {
                "date": "role101",
                "rationale": "role101",
                "id": "role101",
                "description": "role101",
                "amendsReleaseID": "role101",
                "releaseID": "role101"
            }
        },
        "awards": {
            "id": "role101",
            "title": "role101",
            "description": "role101",
            "status": "role101",
            "date": "role101",
            "value": {
                "amount": "role101",
                "currency": "role101"
            },
            "suppliers": {
                "name": "Botika ng Bayan",
                "id": "BB01"
            },
            "items": {
                "id": "role101",
                "description": "role101",
                "classification": {
                    "scheme": "role101",
                    "id": "role101",
                    "description": "role101",
                    "uri": "role101"
                },
                "additionalClassifications": {
                    "scheme": "role101",
                    "id": "role101",
                    "description": "role101",
                    "uri": "role101"
                },
                "quantity": "role101",
                "unit": {
                    "scheme": "role101",
                    "id": "role101",
                    "name": "role101",
                    "value": {
                        "amount": "role101",
                        "currency": "role101"
                    },
                    "uri": "role101"
                }
            },
            "contractPeriod": {
                "startDate": "role101",
                "endDate": "role101",
                "maxExtentDate": "role101",
                "durationInDays": "role101"
            },
            "documents": {
                "id": "role101",
                "documentType": "role101",
                "title": "role101",
                "description": "role101",
                "url": "role101",
                "datePublished": "role101",
                "dateModified": "role101",
                "format": "role101",
                "language": "role101"
            },
            "amendments": {
                "date": "role101",
                "rationale": "role101",
                "id": "role101",
                "description": "role101",
                "amendsReleaseID": "role101",
                "releaseID": "role101"
            }
        },
        "contracts": {
            "id": "role101",
            "awardID": "role101",
            "title": "role101",
            "description": "role101",
            "status": "role101",
            "period": {
                "startDate": "role101",
                "endDate": "role101",
                "maxExtentDate": "role101",
                "durationInDays": "role101"
            },
            "value": {
                "amount": "5000",
                "currency": "role101"
            },
            "items": {
                "id": "role101",
                "description": "role101",
                "classification": {
                    "scheme": "role101",
                    "id": "role101",
                    "description": "role101",
                    "uri": "role101"
                },
                "additionalClassifications": {
                    "scheme": "role101",
                    "id": "role101",
                    "description": "role101",
                    "uri": "role101"
                },
                "quantity": "role101",
                "unit": {
                    "scheme": "role101",
                    "id": "role101",
                    "name": "role101",
                    "value": {
                        "amount": "role101",
                        "currency": "role101"
                    },
                    "uri": "role101"
                }
            },
            "dateSigned": "role101",
            "documents": {
                "id": "role101",
                "documentType": "role101",
                "title": "role101",
                "description": "role101",
                "url": "role101",
                "datePublished": "role101",
                "dateModified": null,
                "format": "role101",
                "language": "role101"
            },
            "implementation": {
                "transactions": {
                    "id": "role101",
                    "source": "role101",
                    "date": "role101",
                    "value": {
                        "amount": "role101",
                        "currency": "role101"
                    },
                    "payer": {
                        "name": "role101",
                        "id": "role101"
                    },
                    "payee": {
                        "name": "role101",
                        "id": "role101"
                    },
                    "uri": "role101"
                },
                "milestones": {
                    "id": "role101",
                    "title": "role101",
                    "type": "role101",
                    "description": "role101",
                    "code": "role101",
                    "dueDate": "role101",
                    "dateMet": "role101",
                    "dateModified": "role101",
                    "status": "role101"
                },
                "documents": {
                    "id": "role101",
                    "documentType": "role101",
                    "title": "role101",
                    "description": "role101",
                    "url": "role101",
                    "datePublished": "role101",
                    "dateModified": "role101",
                    "format": "role101",
                    "language": "role101"
                }
            },
            "relatedProcesses": {
                "id": "role101",
                "relationship": "role101",
                "title": "role101",
                "scheme": "role101",
                "identifier": "role101",
                "uri": "role101"
            },
            "milestones": {
                "id": "role101",
                "title": "role101",
                "type": "role101",
                "description": "role101",
                "code": "role101",
                "dueDate": "role101",
                "dateMet": "role101",
                "dateModified": "role101",
                "status": "role101"
            },
            "amendments": {
                "date": "role101",
                "rationale": "role101",
                "id": "role101",
                "description": "role101",
                "amendsReleaseID": "role101",
                "releaseID": "role101"
            }
        },
        "language": "role101",
        "relatedProcesses": {
            "id": "role101",
            "relationship": "role101",
            "title": "role101",
            "scheme": "role101",
            "identifier": "role101",
            "uri": "role101"
        }
    }
]